{"stats":{"minecraft:custom":{"minecraft:jump":100,"minecraft:time_since_rest":9002,"minecraft:leave_game":1,"minecraft:deaths":1,"minecraft:crouch_one_cm":806,"minecraft:walk_on_water_one_cm":216,"minecraft:sprint_one_cm":8430,"minecraft:play_time":12316,"minecraft:damage_taken":240,"minecraft:time_since_death":2613,"minecraft:walk_one_cm":5778,"minecraft:sneak_time":116,"minecraft:total_world_time":12316,"minecraft:walk_under_water_one_cm":589,"minecraft:swim_one_cm":9359,"minecraft:fall_one_cm":3355,"minecraft:fly_one_cm":21446},"minecraft:picked_up":{"minecraft:sweet_berries":21},"minecraft:mined":{"minecraft:large_fern":1,"minecraft:sweet_berry_bush":8}},"DataVersion":3120}